model,attribute,demographic_parity_diff,equalized_odds_diff,auc_gap,calibration_gap
logreg,Race,0.07991620092532359,0.08975186358130471,0.02800119752398411,0.011474846441491663
logreg,Gender,0.25000406806720754,0.2077297971211606,0.02946202377270779,0.011556646591051503
random_forest,Race,0.06739249943159542,0.08633592893141867,0.025673316894718412,0.01537973151502977
random_forest,Gender,0.18990704850210705,0.14170195666285434,0.017925985272184364,0.041291066913148294
xgboost,Race,0.06310335286596525,0.0857940044011512,0.026158323656393145,0.0004663517524684767
xgboost,Gender,0.22380970656186916,0.16446004722826002,0.007234120114620324,0.02080728111671612
mlp,Race,0.07031296012299915,0.09094838270436967,0.02993370895323577,0.011022802948187499
mlp,Gender,0.21987780447180372,0.1655693280990799,0.01801328636112276,0.02118981198642157
hybrid_survival,Race,0.0649021663525785,0.08038658021979156,0.024551181348937856,0.009830238689950876
hybrid_survival,Gender,0.2299478826861524,0.17606874594293842,0.013772764696862616,0.0070599500116252795
