feature,auc_drop_mean,auc_drop_std
Percent_Days_Employed,0.13158185867715524,0.0026971468562371303
Jobs_Per_Year,0.03531758820470373,0.002882049326251716
Age_at_Release,0.026299052460161065,0.003815053694700686
Jobs_Per_Year__missing,0.023842767226498807,0.002092026355402405
Avg_Days_per_DrugTest__missing,0.023307777102300586,0.0015530468488478245
Delinquency_Reports,0.011887889508211846,0.001927413684191819
Gang_Affiliated,0.01187934431512716,0.0019092985781128233
Prior_Arrest_Episodes_Felony,0.009891366181055536,0.0019226957773486892
Condition_MH_SA,0.008683747286901133,0.0006586385936612189
Avg_Days_per_DrugTest,0.006175122745594915,0.0010671440793851201
Residence_Changes,0.005900761010481241,0.0004177367595521629
DrugTests_Cocaine_Positive__missing,0.00585635652498732,0.002542057999408634
DrugTests_THC_Positive__missing,0.004177378676569273,0.0010200302540181551
Prior_Arrest_Episodes_PPViolationCharges,0.003571585523954609,0.001260852862628722
DrugTests_Meth_Positive,0.0030632991281462165,0.00026954736515176654
DrugTests_THC_Positive,0.002853941897570045,0.0012444490998705891
Percent_Days_Employed__missing,0.0028464648536208337,0.0009524455845220797
Prior_Arrest_Episodes_Property,0.0027289684487055523,0.00039582849235615994
DrugTests_Meth_Positive__missing,0.0027115728770688388,0.0006589099126562232
Prison_Years,0.002699823236577359,0.0007987800091256056
Program_Attendances,0.0021808553494128877,6.215452511932449e-05
Violations_ElectronicMonitoring,0.0021408760531950177,0.00017806977066056604
DrugTests_Other_Positive__missing,0.0019768388645147184,0.0004458675599191868
Education_Level,0.0019129025091128016,0.0005980957406765965
Violations_Instruction,0.0018475928191080682,0.0004236688817361615
Gang_Affiliated__missing,0.001808834264759344,0.0018792025183589952
Prior_Arrest_Episodes_Misd,0.0013448760580780188,0.0007773568175472894
Prior_Conviction_Episodes_Misd,0.001320232331592545,0.0005774324780415004
Prior_Revocations_Parole,0.0012085344505561684,0.0008587028337431719
Violations_MoveWithoutPermission,0.0011517699536361208,0.00034052072849990105
DrugTests_Other_Positive,0.0011496336553650603,0.0004857233568580767
Program_UnexcusedAbsences,0.0008499415264644113,0.0009579388020342432
Violations_FailToReport,0.0008217118707380214,0.0003034667825451307
Condition_Cog_Ed,0.000772119232299843,0.00039281585872952485
Supervision_Risk_Score_First,0.0007335132706849009,0.0007362497089907796
Employment_Exempt,0.0006009101851376745,0.00036577215113070994
Prior_Arrest_Episodes_Drug,0.000551699028533581,0.0004618373426312607
Supervision_Level_First_Standard,0.0005055397266026848,0.00019982995822591008
Supervision_Risk_Score_First__missing,0.0004974523117188637,3.366529095462984e-05
Prison_Offense_Other,0.00034058698152035954,0.00010169341216000047
Supervision_Level_First_nan,0.0002743617351136744,0.00026165520590381875
Supervision_Level_First_Specialized,0.00023911281363908632,0.0003732425127528036
Prison_Offense_Drug,0.00023270391882549793,0.000516139502434816
Prison_Offense_Violent/Non-Sex,0.0002183602018619446,0.00010674447969014837
DrugTests_Cocaine_Positive,0.0001805172039151722,0.00065285873352165
Condition_Other,0.00012543122706532017,0.0006491001104406176
Prison_Offense_nan,0.00012421048519602648,0.00011967337469286082
Prior_Conviction_Episodes_GunCharges,9.613342220323358e-05,0.00026900095169696785
Residence_PUMA,9.002971285706114e-05,0.0006156137446613029
Prior_Revocations_Probation,6.561487547207534e-05,0.0004782609258260838
Supervision_Level_First_High,1.2817789627065737e-05,0.00011547872889295402
Prior_Conviction_Episodes_PPViolationCharges,-2.4567430118619765e-05,0.0006620471352386526
Prior_Conviction_Episodes_DomesticViolenceCharges,-5.87482024576221e-05,0.00034549394242802136
Prison_Offense_Property,-0.00010101638968033437,0.00021604595806978003
Prior_Arrest_Episodes_Violent,-0.00010391565161982363,0.00029922590779025933
Prior_Conviction_Episodes_Felony,-0.00011406306840792506,0.0003144870901260692
Prior_Conviction_Episodes_Viol,-0.0001705986762274847,0.0003996520511543854
Dependents,-0.00026116246365248674,0.00024859217986622164
Prior_Conviction_Episodes_Prop,-0.0002613150563860837,0.0004213750050037532
Prior_Arrest_Episodes_DVCharges,-0.0003048802818448326,0.0003448989393402436
Prior_Conviction_Episodes_Drug,-0.0003512684728764019,0.0001512407235774657
Prior_Arrest_Episodes_GunCharges,-0.00037034256458338505,0.00026200381216447794
Prison_Offense_Violent/Sex,-0.0004173411265495271,0.00019610487684435546
